recv_ts_utc,exch_ts_ms,symbol,side,size,price,raw_json
2026-08-29T00:00:03.638026Z,1787961603486,AKEUSDT,Sell,600,0.0115350,"{""T"":1787961603486,""s"":""AKEUSDT"",""S"":""Sell"",""v"":""600"",""p"":""0.0115350""}"
2026-08-29T00:00:04.137955Z,1787961603643,AKEUSDT,Sell,101800,0.0115360,"{""T"":1787961603643,""s"":""AKEUSDT"",""S"":""Sell"",""v"":""101800"",""p"":""0.0115360""}"
2026-08-29T00:00:04.137955Z,1787961603753,AKEUSDT,Sell,7300,0.0115080,"{""T"":1787961603753,""s"":""AKEUSDT"",""S"":""Sell"",""v"":""7300"",""p"":""0.0115080""}"
2026-08-29T00:00:04.137955Z,1787961603872,AKEUSDT,Sell,2900,0.0115350,"{""T"":1787961603872,""s"":""AKEUSDT"",""S"":""Sell"",""v"":""2900"",""p"":""0.0115350""}"
2026-08-29T00:00:04.137955Z,1787961603982,AKEUSDT,Sell,900,0.0115360,"{""T"":1787961603982,""s"":""AKEUSDT"",""S"":""Sell"",""v"":""900"",""p"":""0.0115360""}"
2026-08-29T00:00:04.416755Z,1787961604269,ZECUSDT,Sell,0.11,805.24,"{""T"":1787961604269,""s"":""ZECUSDT"",""S"":""Sell"",""v"":""0.11"",""p"":""805.24""}"
2026-08-29T00:00:04.565452Z,1787961604269,SOLUSDT,Sell,0.2,104.470,"{""T"":1787961604269,""s"":""SOLUSDT"",""S"":""Sell"",""v"":""0.2"",""p"":""104.470""}"
2026-08-29T00:00:04.638047Z,1787961604102,AKEUSDT,Sell,9200,0.0114930,"{""T"":1787961604102,""s"":""AKEUSDT"",""S"":""Sell"",""v"":""9200"",""p"":""0.0114930""}"
2026-08-29T00:00:04.638047Z,1787961604194,AKEUSDT,Sell,85600,0.0115090,"{""T"":1787961604194,""s"":""AKEUSDT"",""S"":""Sell"",""v"":""85600"",""p"":""0.0115090""}"
2026-08-29T00:00:04.638047Z,1787961604269,AKEUSDT,Sell,35300,0.0114940,"{""T"":1787961604269,""s"":""AKEUSDT"",""S"":""Sell"",""v"":""35300"",""p"":""0.0114940""}"
2026-08-29T00:00:04.815802Z,1787961604269,TRUMPUSDT,Buy,9.3,2.715,"{""T"":1787961604269,""s"":""TRUMPUSDT"",""S"":""Buy"",""v"":""9.3"",""p"":""2.715""}"
2026-08-29T00:00:04.816290Z,1787961604269,HYPEUSDT,Sell,0.91,81.310,"{""T"":1787961604269,""s"":""HYPEUSDT"",""S"":""Sell"",""v"":""0.91"",""p"":""81.310""}"
2026-08-29T00:00:04.850363Z,1787961604269,BTRUSDT,Sell,201,0.16036,"{""T"":1787961604269,""s"":""BTRUSDT"",""S"":""Sell"",""v"":""201"",""p"":""0.16036""}"
2026-08-29T00:00:06.138124Z,1787961605662,AKEUSDT,Sell,46200,0.0115530,"{""T"":1787961605662,""s"":""AKEUSDT"",""S"":""Sell"",""v"":""46200"",""p"":""0.0115530""}"
2026-08-29T00:00:06.138124Z,1787961605929,AKEUSDT,Sell,18800,0.0115640,"{""T"":1787961605929,""s"":""AKEUSDT"",""S"":""Sell"",""v"":""18800"",""p"":""0.0115640""}"
2026-08-29T00:00:06.638616Z,1787961606147,AKEUSDT,Sell,5200,0.0115570,"{""T"":1787961606147,""s"":""AKEUSDT"",""S"":""Sell"",""v"":""5200"",""p"":""0.0115570""}"
2026-08-29T00:00:06.638616Z,1787961606206,AKEUSDT,Sell,644900,0.0115790,"{""T"":1787961606206,""s"":""AKEUSDT"",""S"":""Sell"",""v"":""644900"",""p"":""0.0115790""}"
2026-08-29T00:00:06.638616Z,1787961606430,AKEUSDT,Sell,2200,0.0115710,"{""T"":1787961606430,""s"":""AKEUSDT"",""S"":""Sell"",""v"":""2200"",""p"":""0.0115710""}"
2026-08-29T00:00:57.816004Z,1787961657325,TRUMPUSDT,Sell,3153.2,2.786,"{""T"":1787961657325,""s"":""TRUMPUSDT"",""S"":""Sell"",""v"":""3153.2"",""p"":""2.786""}"
2026-08-29T00:00:57.816004Z,1787961657607,TRUMPUSDT,Sell,71.5,2.787,"{""T"":1787961657607,""s"":""TRUMPUSDT"",""S"":""Sell"",""v"":""71.5"",""p"":""2.787""}"
2026-08-29T00:01:00.315723Z,1787961660047,TRUMPUSDT,Sell,1193.0,2.790,"{""T"":1787961660047,""s"":""TRUMPUSDT"",""S"":""Sell"",""v"":""1193.0"",""p"":""2.790""}"
2026-08-29T00:01:00.351317Z,1787961660047,WIFUSDT,Sell,1926,0.20600,"{""T"":1787961660047,""s"":""WIFUSDT"",""S"":""Sell"",""v"":""1926"",""p"":""0.20600""}"
2026-08-29T00:01:00.499611Z,1787961660047,PENGUUSDT,Sell,42570,0.009251,"{""T"":1787961660047,""s"":""PENGUUSDT"",""S"":""Sell"",""v"":""42570"",""p"":""0.009251""}"
2026-08-29T00:01:08.840389Z,1787961668260,XRPUSDT,Sell,56.5,1.3908,"{""T"":1787961668260,""s"":""XRPUSDT"",""S"":""Sell"",""v"":""56.5"",""p"":""1.3908""}"
2026-08-29T00:01:16.840076Z,1787961676360,XRPUSDT,Sell,82.5,1.3912,"{""T"":1787961676360,""s"":""XRPUSDT"",""S"":""Sell"",""v"":""82.5"",""p"":""1.3912""}"
2026-08-29T00:01:18.340946Z,1787961678188,XRPUSDT,Sell,677.1,1.3927,"{""T"":1787961678188,""s"":""XRPUSDT"",""S"":""Sell"",""v"":""677.1"",""p"":""1.3927""}"
2026-08-29T00:01:32.316803Z,1787961692024,TRUMPUSDT,Sell,400.0,2.794,"{""T"":1787961692024,""s"":""TRUMPUSDT"",""S"":""Sell"",""v"":""400.0"",""p"":""2.794""}"
2026-08-29T00:01:32.831845Z,1787961692616,CASHCATUSDT,Sell,490,0.21502,"{""T"":1787961692616,""s"":""CASHCATUSDT"",""S"":""Sell"",""v"":""490"",""p"":""0.21502""}"
2026-08-29T00:02:43.831623Z,1787961763342,CASHCATUSDT,Sell,1020,0.21592,"{""T"":1787961763342,""s"":""CASHCATUSDT"",""S"":""Sell"",""v"":""1020"",""p"":""0.21592""}"
2026-08-29T00:03:07.489682Z,1787961787070,MAGMAUSDT,Sell,18,0.54180,"{""T"":1787961787070,""s"":""MAGMAUSDT"",""S"":""Sell"",""v"":""18"",""p"":""0.54180""}"
2026-08-29T00:03:07.990078Z,1787961787758,MAGMAUSDT,Sell,1499,0.54150,"{""T"":1787961787758,""s"":""MAGMAUSDT"",""S"":""Sell"",""v"":""1499"",""p"":""0.54150""}"
2026-08-29T00:03:38.341175Z,1787961818046,XRPUSDT,Sell,4.9,1.3928,"{""T"":1787961818046,""s"":""XRPUSDT"",""S"":""Sell"",""v"":""4.9"",""p"":""1.3928""}"
2026-08-29T00:03:43.489178Z,1787961823252,MAGMAUSDT,Sell,207,0.54370,"{""T"":1787961823252,""s"":""MAGMAUSDT"",""S"":""Sell"",""v"":""207"",""p"":""0.54370""}"
2026-08-29T00:03:52.332299Z,1787961832212,NIULAIUSDT,Sell,150,0.05821,"{""T"":1787961832212,""s"":""NIULAIUSDT"",""S"":""Sell"",""v"":""150"",""p"":""0.05821""}"
2026-08-29T00:03:56.068677Z,1787961835867,BTCUSDT,Sell,0.020,78062.50,"{""T"":1787961835867,""s"":""BTCUSDT"",""S"":""Sell"",""v"":""0.020"",""p"":""78062.50""}"
2026-08-29T00:03:56.327637Z,1787961835867,ENAUSDT,Sell,2736,0.16548,"{""T"":1787961835867,""s"":""ENAUSDT"",""S"":""Sell"",""v"":""2736"",""p"":""0.16548""}"
2026-08-29T00:04:02.495312Z,1787961842209,ONGUSDT,Sell,336,0.12093,"{""T"":1787961842209,""s"":""ONGUSDT"",""S"":""Sell"",""v"":""336"",""p"":""0.12093""}"
2026-08-29T00:04:03.995136Z,1787961843889,ONGUSDT,Sell,901,0.12144,"{""T"":1787961843889,""s"":""ONGUSDT"",""S"":""Sell"",""v"":""901"",""p"":""0.12144""}"
2026-08-29T00:04:13.994968Z,1787961853905,ONGUSDT,Sell,6266,0.12249,"{""T"":1787961853905,""s"":""ONGUSDT"",""S"":""Sell"",""v"":""6266"",""p"":""0.12249""}"
2026-08-29T00:04:14.999632Z,1787961854854,INJUSDT,Sell,972.4,5.2280,"{""T"":1787961854854,""s"":""INJUSDT"",""S"":""Sell"",""v"":""972.4"",""p"":""5.2280""}"
2026-08-29T00:04:39.519039Z,1787961879155,NEARUSDT,Sell,59.5,1.8390,"{""T"":1787961879155,""s"":""NEARUSDT"",""S"":""Sell"",""v"":""59.5"",""p"":""1.8390""}"
2026-08-29T00:04:48.327707Z,1787961887884,ENAUSDT,Sell,15928,0.16559,"{""T"":1787961887884,""s"":""ENAUSDT"",""S"":""Sell"",""v"":""15928"",""p"":""0.16559""}"
2026-08-29T00:04:54.327898Z,1787961894006,ENAUSDT,Sell,156978,0.16567,"{""T"":1787961894006,""s"":""ENAUSDT"",""S"":""Sell"",""v"":""156978"",""p"":""0.16567""}"
2026-08-29T00:06:15.819527Z,1787961975547,TRUMPUSDT,Sell,165.2,2.802,"{""T"":1787961975547,""s"":""TRUMPUSDT"",""S"":""Sell"",""v"":""165.2"",""p"":""2.802""}"
2026-08-29T00:06:53.340006Z,1787962012852,XRPUSDT,Sell,15.0,1.3947,"{""T"":1787962012852,""s"":""XRPUSDT"",""S"":""Sell"",""v"":""15.0"",""p"":""1.3947""}"
2026-08-29T00:06:53.840680Z,1787962013596,XRPUSDT,Sell,1609.2,1.3947,"{""T"":1787962013596,""s"":""XRPUSDT"",""S"":""Sell"",""v"":""1609.2"",""p"":""1.3947""}"
2026-08-29T00:06:53.999485Z,1787962013624,PENGUUSDT,Sell,1120,0.009292,"{""T"":1787962013624,""s"":""PENGUUSDT"",""S"":""Sell"",""v"":""1120"",""p"":""0.009292""}"
2026-08-29T00:07:12.961718Z,1787962032562,ETHUSDT,Sell,0.10,2451.92,"{""T"":1787962032562,""s"":""ETHUSDT"",""S"":""Sell"",""v"":""0.10"",""p"":""2451.92""}"
2026-08-29T00:07:15.458691Z,1787962035311,ETHUSDT,Sell,0.17,2452.45,"{""T"":1787962035311,""s"":""ETHUSDT"",""S"":""Sell"",""v"":""0.17"",""p"":""2452.45""}"
2026-08-29T00:07:29.638850Z,1787962049243,TACUSDT,Sell,34470,0.002698,"{""T"":1787962049243,""s"":""TACUSDT"",""S"":""Sell"",""v"":""34470"",""p"":""0.002698""}"
2026-08-29T00:07:37.137958Z,1787962056859,TACUSDT,Sell,17600,0.002724,"{""T"":1787962056859,""s"":""TACUSDT"",""S"":""Sell"",""v"":""17600"",""p"":""0.002724""}"
2026-08-29T00:07:39.138067Z,1787962058721,TACUSDT,Sell,70220,0.002744,"{""T"":1787962058721,""s"":""TACUSDT"",""S"":""Sell"",""v"":""70220"",""p"":""0.002744""}"
2026-08-29T00:07:39.138067Z,1787962058987,TACUSDT,Sell,6770,0.002729,"{""T"":1787962058987,""s"":""TACUSDT"",""S"":""Sell"",""v"":""6770"",""p"":""0.002729""}"
2026-08-29T00:07:39.638121Z,1787962059277,TACUSDT,Sell,126090,0.002732,"{""T"":1787962059277,""s"":""TACUSDT"",""S"":""Sell"",""v"":""126090"",""p"":""0.002732""}"
2026-08-29T00:08:13.065549Z,1787962092942,SOLUSDT,Sell,9.3,104.890,"{""T"":1787962092942,""s"":""SOLUSDT"",""S"":""Sell"",""v"":""9.3"",""p"":""104.890""}"
2026-08-29T00:08:13.916729Z,1787962093691,DOGEUSDT,Sell,111,0.08593,"{""T"":1787962093691,""s"":""DOGEUSDT"",""S"":""Sell"",""v"":""111"",""p"":""0.08593""}"
2026-08-29T00:08:17.327709Z,1787962096945,FARTCOINUSDT,Sell,1722,0.19787,"{""T"":1787962096945,""s"":""FARTCOINUSDT"",""S"":""Sell"",""v"":""1722"",""p"":""0.19787""}"
2026-08-29T00:08:21.994547Z,1787962101787,ONGUSDT,Sell,70,0.12479,"{""T"":1787962101787,""s"":""ONGUSDT"",""S"":""Sell"",""v"":""70"",""p"":""0.12479""}"
2026-08-29T00:09:07.327937Z,1787962146935,ENAUSDT,Sell,1151,0.16598,"{""T"":1787962146935,""s"":""ENAUSDT"",""S"":""Sell"",""v"":""1151"",""p"":""0.16598""}"
2026-08-29T00:09:16.565651Z,1787962156394,SOLUSDT,Sell,0.6,104.920,"{""T"":1787962156394,""s"":""SOLUSDT"",""S"":""Sell"",""v"":""0.6"",""p"":""104.920""}"
2026-08-29T00:09:21.065385Z,1787962160898,SOLUSDT,Sell,2.4,104.960,"{""T"":1787962160898,""s"":""SOLUSDT"",""S"":""Sell"",""v"":""2.4"",""p"":""104.960""}"
2026-08-29T00:09:25.565585Z,1787962165216,SOLUSDT,Sell,0.1,104.970,"{""T"":1787962165216,""s"":""SOLUSDT"",""S"":""Sell"",""v"":""0.1"",""p"":""104.970""}"
2026-08-29T00:09:26.827360Z,1787962166728,ENAUSDT,Sell,18776,0.16616,"{""T"":1787962166728,""s"":""ENAUSDT"",""S"":""Sell"",""v"":""18776"",""p"":""0.16616""}"
2026-08-29T00:09:32.065823Z,1787962171929,SOLUSDT,Sell,34.1,104.990,"{""T"":1787962171929,""s"":""SOLUSDT"",""S"":""Sell"",""v"":""34.1"",""p"":""104.990""}"
2026-08-29T00:09:41.489725Z,1787962181123,BTWUSDT,Buy,1130,0.37950,"{""T"":1787962181123,""s"":""BTWUSDT"",""S"":""Buy"",""v"":""1130"",""p"":""0.37950""}"
2026-08-29T00:09:58.503418Z,1787962198279,INJUSDT,Sell,1.0,5.2320,"{""T"":1787962198279,""s"":""INJUSDT"",""S"":""Sell"",""v"":""1.0"",""p"":""5.2320""}"
2026-08-29T00:10:03.815895Z,1787962203265,TRUMPUSDT,Sell,733.2,2.809,"{""T"":1787962203265,""s"":""TRUMPUSDT"",""S"":""Sell"",""v"":""733.2"",""p"":""2.809""}"
2026-08-29T00:10:12.638301Z,1787962212092,AKEUSDT,Sell,1600,0.0116050,"{""T"":1787962212092,""s"":""AKEUSDT"",""S"":""Sell"",""v"":""1600"",""p"":""0.0116050""}"
2026-08-29T00:10:13.138021Z,1787962212963,AKEUSDT,Sell,2800,0.0116100,"{""T"":1787962212963,""s"":""AKEUSDT"",""S"":""Sell"",""v"":""2800"",""p"":""0.0116100""}"
2026-08-29T00:10:13.350784Z,1787962212963,BEATUSDT,Buy,111,0.12704,"{""T"":1787962212963,""s"":""BEATUSDT"",""S"":""Buy"",""v"":""111"",""p"":""0.12704""}"
2026-08-29T00:10:13.638963Z,1787962213211,AKEUSDT,Sell,361200,0.0116140,"{""T"":1787962213211,""s"":""AKEUSDT"",""S"":""Sell"",""v"":""361200"",""p"":""0.0116140""}"
2026-08-29T00:11:53.827591Z,1787962313452,VVVUSDT,Buy,8.48,15.6230,"{""T"":1787962313452,""s"":""VVVUSDT"",""S"":""Buy"",""v"":""8.48"",""p"":""15.6230""}"
2026-08-29T00:12:04.827708Z,1787962324291,VVVUSDT,Buy,0.57,15.5870,"{""T"":1787962324291,""s"":""VVVUSDT"",""S"":""Buy"",""v"":""0.57"",""p"":""15.5870""}"
2026-08-29T00:12:04.827708Z,1787962324449,VVVUSDT,Buy,173.11,15.5990,"{""T"":1787962324449,""s"":""VVVUSDT"",""S"":""Buy"",""v"":""173.11"",""p"":""15.5990""}"
2026-08-29T00:15:25.328036Z,1787962525083,CHILLGUYUSDT,Buy,2283,0.013525,"{""T"":1787962525083,""s"":""CHILLGUYUSDT"",""S"":""Buy"",""v"":""2283"",""p"":""0.013525""}"
2026-08-29T00:15:34.638139Z,1787962534241,HEMIUSDT,Buy,7,0.011057,"{""T"":1787962534241,""s"":""HEMIUSDT"",""S"":""Buy"",""v"":""7"",""p"":""0.011057""}"
2026-08-29T00:15:35.138093Z,1787962534797,HEMIUSDT,Buy,7,0.011059,"{""T"":1787962534797,""s"":""HEMIUSDT"",""S"":""Buy"",""v"":""7"",""p"":""0.011059""}"
2026-08-29T00:15:35.138093Z,1787962534842,HEMIUSDT,Buy,8,0.011059,"{""T"":1787962534842,""s"":""HEMIUSDT"",""S"":""Buy"",""v"":""8"",""p"":""0.011059""}"
2026-08-29T00:15:36.138094Z,1787962535970,HEMIUSDT,Buy,8,0.011054,"{""T"":1787962535970,""s"":""HEMIUSDT"",""S"":""Buy"",""v"":""8"",""p"":""0.011054""}"
2026-08-29T00:15:36.138094Z,1787962536035,HEMIUSDT,Buy,5,0.011052,"{""T"":1787962536035,""s"":""HEMIUSDT"",""S"":""Buy"",""v"":""5"",""p"":""0.011052""}"
2026-08-29T00:15:37.137860Z,1787962536564,HEMIUSDT,Buy,8,0.011051,"{""T"":1787962536564,""s"":""HEMIUSDT"",""S"":""Buy"",""v"":""8"",""p"":""0.011051""}"
2026-08-29T00:15:49.816335Z,1787962549676,TRUMPUSDT,Sell,2.1,2.831,"{""T"":1787962549676,""s"":""TRUMPUSDT"",""S"":""Sell"",""v"":""2.1"",""p"":""2.831""}"
2026-08-29T00:15:50.315777Z,1787962550201,TRUMPUSDT,Sell,4.6,2.830,"{""T"":1787962550201,""s"":""TRUMPUSDT"",""S"":""Sell"",""v"":""4.6"",""p"":""2.830""}"
2026-08-29T00:16:23.316264Z,1787962583014,TRUMPUSDT,Sell,1046.5,2.830,"{""T"":1787962583014,""s"":""TRUMPUSDT"",""S"":""Sell"",""v"":""1046.5"",""p"":""2.830""}"
2026-08-29T00:16:23.340359Z,1787962583014,XRPUSDT,Buy,4625.9,1.3800,"{""T"":1787962583014,""s"":""XRPUSDT"",""S"":""Buy"",""v"":""4625.9"",""p"":""1.3800""}"
2026-08-29T00:16:23.350667Z,1787962583014,BEATUSDT,Buy,1472,0.12728,"{""T"":1787962583014,""s"":""BEATUSDT"",""S"":""Buy"",""v"":""1472"",""p"":""0.12728""}"
2026-08-29T00:16:23.458334Z,1787962583014,ETHUSDT,Buy,1.20,2433.82,"{""T"":1787962583014,""s"":""ETHUSDT"",""S"":""Buy"",""v"":""1.20"",""p"":""2433.82""}"
2026-08-29T00:16:23.568682Z,1787962583015,BTCUSDT,Buy,0.037,77550.40,"{""T"":1787962583015,""s"":""BTCUSDT"",""S"":""Buy"",""v"":""0.037"",""p"":""77550.40""}"
2026-08-29T00:16:44.489287Z,1787962604149,MAGMAUSDT,Sell,60,0.54660,"{""T"":1787962604149,""s"":""MAGMAUSDT"",""S"":""Sell"",""v"":""60"",""p"":""0.54660""}"
2026-08-29T00:16:44.489287Z,1787962604357,MAGMAUSDT,Sell,2703,0.54530,"{""T"":1787962604357,""s"":""MAGMAUSDT"",""S"":""Sell"",""v"":""2703"",""p"":""0.54530""}"
2026-08-29T00:16:44.568349Z,1787962604357,BTCUSDT,Sell,0.079,78061.60,"{""T"":1787962604357,""s"":""BTCUSDT"",""S"":""Sell"",""v"":""0.079"",""p"":""78061.60""}"
2026-08-29T00:16:44.638355Z,1787962604149,AKEUSDT,Sell,2900,0.0115010,"{""T"":1787962604149,""s"":""AKEUSDT"",""S"":""Sell"",""v"":""2900"",""p"":""0.0115010""}"
2026-08-29T00:16:44.989617Z,1787962604429,MAGMAUSDT,Sell,101,0.54530,"{""T"":1787962604429,""s"":""MAGMAUSDT"",""S"":""Sell"",""v"":""101"",""p"":""0.54530""}"
2026-08-29T00:16:44.989617Z,1787962604604,MAGMAUSDT,Sell,164,0.54470,"{""T"":1787962604604,""s"":""MAGMAUSDT"",""S"":""Sell"",""v"":""164"",""p"":""0.54470""}"
2026-08-29T00:16:48.568834Z,1787962608077,BTCUSDT,Sell,0.072,78111.10,"{""T"":1787962608077,""s"":""BTCUSDT"",""S"":""Sell"",""v"":""0.072"",""p"":""78111.10""}"
2026-08-29T00:16:48.568834Z,1787962608314,BTCUSDT,Sell,0.002,78106.20,"{""T"":1787962608314,""s"":""BTCUSDT"",""S"":""Sell"",""v"":""0.002"",""p"":""78106.20""}"
2026-08-29T00:16:48.568834Z,1787962608473,BTCUSDT,Sell,0.011,78112.40,"{""T"":1787962608473,""s"":""BTCUSDT"",""S"":""Sell"",""v"":""0.011"",""p"":""78112.40""}"
2026-08-29T00:16:49.068812Z,1787962608636,BTCUSDT,Sell,0.006,78108.10,"{""T"":1787962608636,""s"":""BTCUSDT"",""S"":""Sell"",""v"":""0.006"",""p"":""78108.10""}"
2026-08-29T00:16:49.068812Z,1787962608832,BTCUSDT,Sell,0.006,78108.10,"{""T"":1787962608832,""s"":""BTCUSDT"",""S"":""Sell"",""v"":""0.006"",""p"":""78108.10""}"
2026-08-29T00:16:51.851075Z,1787962611421,BEATUSDT,Sell,1661,0.13379,"{""T"":1787962611421,""s"":""BEATUSDT"",""S"":""Sell"",""v"":""1661"",""p"":""0.13379""}"
2026-08-29T00:17:12.638197Z,1787962632504,AKEUSDT,Buy,202700,0.0109370,"{""T"":1787962632504,""s"":""AKEUSDT"",""S"":""Buy"",""v"":""202700"",""p"":""0.0109370""}"
2026-08-29T00:17:13.138624Z,1787962632807,AKEUSDT,Buy,18900,0.0108650,"{""T"":1787962632807,""s"":""AKEUSDT"",""S"":""Buy"",""v"":""18900"",""p"":""0.0108650""}"
2026-08-29T00:17:13.138624Z,1787962632870,AKEUSDT,Buy,19700,0.0108630,"{""T"":1787962632870,""s"":""AKEUSDT"",""S"":""Buy"",""v"":""19700"",""p"":""0.0108630""}"
2026-08-29T00:17:15.138124Z,1787962634911,AKEUSDT,Buy,149900,0.0108420,"{""T"":1787962634911,""s"":""AKEUSDT"",""S"":""Buy"",""v"":""149900"",""p"":""0.0108420""}"
2026-08-29T00:17:16.638648Z,1787962636065,AKEUSDT,Buy,86000,0.0108240,"{""T"":1787962636065,""s"":""AKEUSDT"",""S"":""Buy"",""v"":""86000"",""p"":""0.0108240""}"
2026-08-29T00:17:17.638291Z,1787962637217,AKEUSDT,Buy,15000,0.0107990,"{""T"":1787962637217,""s"":""AKEUSDT"",""S"":""Buy"",""v"":""15000"",""p"":""0.0107990""}"
2026-08-29T00:17:17.638291Z,1787962637346,AKEUSDT,Buy,42400,0.0108000,"{""T"":1787962637346,""s"":""AKEUSDT"",""S"":""Buy"",""v"":""42400"",""p"":""0.0108000""}"
2026-08-29T00:17:17.638291Z,1787962637546,AKEUSDT,Buy,27600,0.0108130,"{""T"":1787962637546,""s"":""AKEUSDT"",""S"":""Buy"",""v"":""27600"",""p"":""0.0108130""}"
2026-08-29T00:17:20.137914Z,1787962639667,AKEUSDT,Buy,4000,0.0107250,"{""T"":1787962639667,""s"":""AKEUSDT"",""S"":""Buy"",""v"":""4000"",""p"":""0.0107250""}"
2026-08-29T00:17:21.138644Z,1787962640964,AKEUSDT,Buy,97000,0.0106500,"{""T"":1787962640964,""s"":""AKEUSDT"",""S"":""Buy"",""v"":""97000"",""p"":""0.0106500""}"
2026-08-29T00:17:26.638276Z,1787962646350,AKEUSDT,Buy,157200,0.0106300,"{""T"":1787962646350,""s"":""AKEUSDT"",""S"":""Buy"",""v"":""157200"",""p"":""0.0106300""}"
2026-08-29T00:17:34.638286Z,1787962654168,AKEUSDT,Buy,500,0.0105890,"{""T"":1787962654168,""s"":""AKEUSDT"",""S"":""Buy"",""v"":""500"",""p"":""0.0105890""}"
2026-08-29T00:17:40.138061Z,1787962659697,AKEUSDT,Buy,133800,0.0104980,"{""T"":1787962659697,""s"":""AKEUSDT"",""S"":""Buy"",""v"":""133800"",""p"":""0.0104980""}"
2026-08-29T00:17:40.638386Z,1787962660421,AKEUSDT,Buy,78500,0.0105150,"{""T"":1787962660421,""s"":""AKEUSDT"",""S"":""Buy"",""v"":""78500"",""p"":""0.0105150""}"
2026-08-29T00:19:20.489970Z,1787962760367,MAGMAUSDT,Sell,106,0.54730,"{""T"":1787962760367,""s"":""MAGMAUSDT"",""S"":""Sell"",""v"":""106"",""p"":""0.54730""}"
2026-08-29T00:19:20.989705Z,1787962760443,MAGMAUSDT,Sell,138,0.54810,"{""T"":1787962760443,""s"":""MAGMAUSDT"",""S"":""Sell"",""v"":""138"",""p"":""0.54810""}"
2026-08-29T00:19:20.989705Z,1787962760849,MAGMAUSDT,Sell,15,0.54880,"{""T"":1787962760849,""s"":""MAGMAUSDT"",""S"":""Sell"",""v"":""15"",""p"":""0.54880""}"
2026-08-29T00:19:29.851150Z,1787962769441,BEATUSDT,Sell,4819,0.13465,"{""T"":1787962769441,""s"":""BEATUSDT"",""S"":""Sell"",""v"":""4819"",""p"":""0.13465""}"
2026-08-29T00:19:40.831841Z,1787962780588,DEXEUSDT,Buy,312.4,2.3530,"{""T"":1787962780588,""s"":""DEXEUSDT"",""S"":""Buy"",""v"":""312.4"",""p"":""2.3530""}"
2026-08-29T00:19:41.568670Z,1787962781145,BTCUSDT,Sell,0.002,78118.30,"{""T"":1787962781145,""s"":""BTCUSDT"",""S"":""Sell"",""v"":""0.002"",""p"":""78118.30""}"
2026-08-29T00:19:41.568670Z,1787962781449,BTCUSDT,Sell,0.019,78118.20,"{""T"":1787962781449,""s"":""BTCUSDT"",""S"":""Sell"",""v"":""0.019"",""p"":""78118.20""}"
2026-08-29T00:19:41.831409Z,1787962781542,DEXEUSDT,Buy,4.2,2.3450,"{""T"":1787962781542,""s"":""DEXEUSDT"",""S"":""Buy"",""v"":""4.2"",""p"":""2.3450""}"
2026-08-29T00:20:00.641574Z,1787962800083,AKEUSDT,Buy,700,0.0105740,"{""T"":1787962800083,""s"":""AKEUSDT"",""S"":""Buy"",""v"":""700"",""p"":""0.0105740""}"
2026-08-29T00:20:53.993175Z,1787962853453,MAGMAUSDT,Sell,83,0.54940,"{""T"":1787962853453,""s"":""MAGMAUSDT"",""S"":""Sell"",""v"":""83"",""p"":""0.54940""}"
2026-08-29T00:20:54.489395Z,1787962854120,MAGMAUSDT,Sell,1762,0.55120,"{""T"":1787962854120,""s"":""MAGMAUSDT"",""S"":""Sell"",""v"":""1762"",""p"":""0.55120""}"
2026-08-29T00:20:54.489395Z,1787962854189,MAGMAUSDT,Sell,300,0.55690,"{""T"":1787962854189,""s"":""MAGMAUSDT"",""S"":""Sell"",""v"":""300"",""p"":""0.55690""}"
2026-08-29T00:20:54.489395Z,1787962854259,MAGMAUSDT,Sell,22,0.55530,"{""T"":1787962854259,""s"":""MAGMAUSDT"",""S"":""Sell"",""v"":""22"",""p"":""0.55530""}"
2026-08-29T00:20:54.489395Z,1787962854274,MAGMAUSDT,Sell,3358,0.55310,"{""T"":1787962854274,""s"":""MAGMAUSDT"",""S"":""Sell"",""v"":""3358"",""p"":""0.55310""}"
2026-08-29T00:20:54.489395Z,1787962854383,MAGMAUSDT,Sell,1397,0.55810,"{""T"":1787962854383,""s"":""MAGMAUSDT"",""S"":""Sell"",""v"":""1397"",""p"":""0.55810""}"
2026-08-29T00:20:54.831589Z,1787962854473,NIULAIUSDT,Sell,340,0.05672,"{""T"":1787962854473,""s"":""NIULAIUSDT"",""S"":""Sell"",""v"":""340"",""p"":""0.05672""}"
2026-08-29T00:20:54.989119Z,1787962854415,MAGMAUSDT,Sell,1059,0.55520,"{""T"":1787962854415,""s"":""MAGMAUSDT"",""S"":""Sell"",""v"":""1059"",""p"":""0.55520""}"
2026-08-29T00:20:54.989119Z,1787962854443,MAGMAUSDT,Sell,189,0.55770,"{""T"":1787962854443,""s"":""MAGMAUSDT"",""S"":""Sell"",""v"":""189"",""p"":""0.55770""}"
2026-08-29T00:20:54.989119Z,1787962854445,MAGMAUSDT,Sell,50,0.55230,"{""T"":1787962854445,""s"":""MAGMAUSDT"",""S"":""Sell"",""v"":""50"",""p"":""0.55230""}"
2026-08-29T00:20:54.989119Z,1787962854451,MAGMAUSDT,Sell,1134,0.55730,"{""T"":1787962854451,""s"":""MAGMAUSDT"",""S"":""Sell"",""v"":""1134"",""p"":""0.55730""}"
2026-08-29T00:20:54.989119Z,1787962854473,MAGMAUSDT,Sell,116,0.55500,"{""T"":1787962854473,""s"":""MAGMAUSDT"",""S"":""Sell"",""v"":""116"",""p"":""0.55500""}"
2026-08-29T00:20:54.989119Z,1787962854604,MAGMAUSDT,Sell,84,0.55470,"{""T"":1787962854604,""s"":""MAGMAUSDT"",""S"":""Sell"",""v"":""84"",""p"":""0.55470""}"
2026-08-29T00:20:54.989119Z,1787962854735,MAGMAUSDT,Sell,1304,0.55200,"{""T"":1787962854735,""s"":""MAGMAUSDT"",""S"":""Sell"",""v"":""1304"",""p"":""0.55200""}"
2026-08-29T00:20:54.989119Z,1787962854766,MAGMAUSDT,Sell,5852,0.55680,"{""T"":1787962854766,""s"":""MAGMAUSDT"",""S"":""Sell"",""v"":""5852"",""p"":""0.55680""}"
2026-08-29T00:20:54.989119Z,1787962854853,MAGMAUSDT,Sell,1040,0.55210,"{""T"":1787962854853,""s"":""MAGMAUSDT"",""S"":""Sell"",""v"":""1040"",""p"":""0.55210""}"
2026-08-29T00:20:55.488829Z,1787962854918,MAGMAUSDT,Sell,193,0.55470,"{""T"":1787962854918,""s"":""MAGMAUSDT"",""S"":""Sell"",""v"":""193"",""p"":""0.55470""}"
2026-08-29T00:20:55.488829Z,1787962855013,MAGMAUSDT,Sell,40,0.55530,"{""T"":1787962855013,""s"":""MAGMAUSDT"",""S"":""Sell"",""v"":""40"",""p"":""0.55530""}"
2026-08-29T00:20:55.488829Z,1787962855070,MAGMAUSDT,Sell,458,0.55200,"{""T"":1787962855070,""s"":""MAGMAUSDT"",""S"":""Sell"",""v"":""458"",""p"":""0.55200""}"
2026-08-29T00:21:09.566010Z,1787962869444,SOLUSDT,Sell,1.6,104.860,"{""T"":1787962869444,""s"":""SOLUSDT"",""S"":""Sell"",""v"":""1.6"",""p"":""104.860""}"
2026-08-29T00:21:09.827505Z,1787962869444,ENAUSDT,Sell,858,0.16571,"{""T"":1787962869444,""s"":""ENAUSDT"",""S"":""Sell"",""v"":""858"",""p"":""0.16571""}"
2026-08-29T00:21:09.851024Z,1787962869444,BTRUSDT,Sell,484,0.16297,"{""T"":1787962869444,""s"":""BTRUSDT"",""S"":""Sell"",""v"":""484"",""p"":""0.16297""}"
2026-08-29T00:21:09.959154Z,1787962869444,ETHUSDT,Sell,0.10,2452.56,"{""T"":1787962869444,""s"":""ETHUSDT"",""S"":""Sell"",""v"":""0.10"",""p"":""2452.56""}"
2026-08-29T00:21:15.488934Z,1787962875235,MAGMAUSDT,Sell,594,0.55880,"{""T"":1787962875235,""s"":""MAGMAUSDT"",""S"":""Sell"",""v"":""594"",""p"":""0.55880""}"
2026-08-29T00:21:15.990489Z,1787962875572,MAGMAUSDT,Sell,3109,0.55870,"{""T"":1787962875572,""s"":""MAGMAUSDT"",""S"":""Sell"",""v"":""3109"",""p"":""0.55870""}"
2026-08-29T00:21:15.990489Z,1787962875677,MAGMAUSDT,Sell,135,0.55860,"{""T"":1787962875677,""s"":""MAGMAUSDT"",""S"":""Sell"",""v"":""135"",""p"":""0.55860""}"
2026-08-29T00:21:16.489412Z,1787962876145,MAGMAUSDT,Sell,286,0.55920,"{""T"":1787962876145,""s"":""MAGMAUSDT"",""S"":""Sell"",""v"":""286"",""p"":""0.55920""}"
2026-08-29T00:21:16.989203Z,1787962876879,MAGMAUSDT,Sell,162,0.55940,"{""T"":1787962876879,""s"":""MAGMAUSDT"",""S"":""Sell"",""v"":""162"",""p"":""0.55940""}"
2026-08-29T00:21:17.489617Z,1787962877061,MAGMAUSDT,Sell,205,0.56000,"{""T"":1787962877061,""s"":""MAGMAUSDT"",""S"":""Sell"",""v"":""205"",""p"":""0.56000""}"
2026-08-29T00:21:17.489617Z,1787962877218,MAGMAUSDT,Sell,3929,0.55970,"{""T"":1787962877218,""s"":""MAGMAUSDT"",""S"":""Sell"",""v"":""3929"",""p"":""0.55970""}"
2026-08-29T00:21:17.489617Z,1787962877310,MAGMAUSDT,Sell,748,0.56000,"{""T"":1787962877310,""s"":""MAGMAUSDT"",""S"":""Sell"",""v"":""748"",""p"":""0.56000""}"
2026-08-29T00:21:17.489617Z,1787962877312,MAGMAUSDT,Sell,265,0.55990,"{""T"":1787962877312,""s"":""MAGMAUSDT"",""S"":""Sell"",""v"":""265"",""p"":""0.55990""}"
2026-08-29T00:21:17.989176Z,1787962877890,MAGMAUSDT,Sell,50,0.56000,"{""T"":1787962877890,""s"":""MAGMAUSDT"",""S"":""Sell"",""v"":""50"",""p"":""0.56000""}"
2026-08-29T00:21:18.989260Z,1787962878579,MAGMAUSDT,Sell,187,0.56120,"{""T"":1787962878579,""s"":""MAGMAUSDT"",""S"":""Sell"",""v"":""187"",""p"":""0.56120""}"
2026-08-29T00:21:29.495657Z,1787962888967,ONGUSDT,Sell,3656,0.12495,"{""T"":1787962888967,""s"":""ONGUSDT"",""S"":""Sell"",""v"":""3656"",""p"":""0.12495""}"
2026-08-29T00:21:39.459067Z,1787962899245,ETHUSDT,Sell,0.01,2452.83,"{""T"":1787962899245,""s"":""ETHUSDT"",""S"":""Sell"",""v"":""0.01"",""p"":""2452.83""}"
2026-08-29T00:21:50.568847Z,1787962910008,BTCUSDT,Sell,0.001,78130.80,"{""T"":1787962910008,""s"":""BTCUSDT"",""S"":""Sell"",""v"":""0.001"",""p"":""78130.80""}"
2026-08-29T00:21:51.458228Z,1787962910997,ETHUSDT,Sell,0.01,2454.09,"{""T"":1787962910997,""s"":""ETHUSDT"",""S"":""Sell"",""v"":""0.01"",""p"":""2454.09""}"
2026-08-29T00:21:51.958312Z,1787962911458,ETHUSDT,Sell,102.38,2453.47,"{""T"":1787962911458,""s"":""ETHUSDT"",""S"":""Sell"",""v"":""102.38"",""p"":""2453.47""}"
2026-08-29T00:22:00.068858Z,1787962919510,BTCUSDT,Sell,0.001,78140.90,"{""T"":1787962919510,""s"":""BTCUSDT"",""S"":""Sell"",""v"":""0.001"",""p"":""78140.90""}"
2026-08-29T00:22:07.327823Z,1787962927207,ENAUSDT,Sell,566,0.16571,"{""T"":1787962927207,""s"":""ENAUSDT"",""S"":""Sell"",""v"":""566"",""p"":""0.16571""}"
2026-08-29T00:22:07.340292Z,1787962927207,XRPUSDT,Sell,109.5,1.3949,"{""T"":1787962927207,""s"":""XRPUSDT"",""S"":""Sell"",""v"":""109.5"",""p"":""1.3949""}"
2026-08-29T00:22:07.416833Z,1787962927207,DOGEUSDT,Sell,1426,0.08599,"{""T"":1787962927207,""s"":""DOGEUSDT"",""S"":""Sell"",""v"":""1426"",""p"":""0.08599""}"
2026-08-29T00:22:07.417267Z,1787962927207,1000PEPEUSDT,Sell,24600,0.0037360,"{""T"":1787962927207,""s"":""1000PEPEUSDT"",""S"":""Sell"",""v"":""24600"",""p"":""0.0037360""}"
2026-08-29T00:22:07.500115Z,1787962927207,PENGUUSDT,Sell,13290,0.009318,"{""T"":1787962927207,""s"":""PENGUUSDT"",""S"":""Sell"",""v"":""13290"",""p"":""0.009318""}"
2026-08-29T00:22:07.565564Z,1787962927207,BNBUSDT,Sell,0.13,696.30,"{""T"":1787962927207,""s"":""BNBUSDT"",""S"":""Sell"",""v"":""0.13"",""p"":""696.30""}"
2026-08-29T00:22:07.566093Z,1787962927207,SOLUSDT,Sell,1.4,104.990,"{""T"":1787962927207,""s"":""SOLUSDT"",""S"":""Sell"",""v"":""1.4"",""p"":""104.990""}"
2026-08-29T00:22:09.499693Z,1787962928993,PENGUUSDT,Sell,4760,0.009320,"{""T"":1787962928993,""s"":""PENGUUSDT"",""S"":""Sell"",""v"":""4760"",""p"":""0.009320""}"
2026-08-29T00:22:11.569276Z,1787962931184,BTCUSDT,Sell,0.157,78149.80,"{""T"":1787962931184,""s"":""BTCUSDT"",""S"":""Sell"",""v"":""0.157"",""p"":""78149.80""}"
2026-08-29T00:22:12.069126Z,1787962931482,BTCUSDT,Sell,0.005,78149.70,"{""T"":1787962931482,""s"":""BTCUSDT"",""S"":""Sell"",""v"":""0.005"",""p"":""78149.70""}"
2026-08-29T00:23:28.490357Z,1787963008133,MAGMAUSDT,Sell,43,0.56300,"{""T"":1787963008133,""s"":""MAGMAUSDT"",""S"":""Sell"",""v"":""43"",""p"":""0.56300""}"
2026-08-29T00:23:28.490357Z,1787963008223,MAGMAUSDT,Sell,1068,0.56260,"{""T"":1787963008223,""s"":""MAGMAUSDT"",""S"":""Sell"",""v"":""1068"",""p"":""0.56260""}"
2026-08-29T00:23:28.851291Z,1787963008403,BTRUSDT,Sell,81,0.16227,"{""T"":1787963008403,""s"":""BTRUSDT"",""S"":""Sell"",""v"":""81"",""p"":""0.16227""}"
2026-08-29T00:23:28.989227Z,1787963008403,BTWUSDT,Sell,140,0.41665,"{""T"":1787963008403,""s"":""BTWUSDT"",""S"":""Sell"",""v"":""140"",""p"":""0.41665""}"
2026-08-29T00:23:28.989761Z,1787963008403,MAGMAUSDT,Sell,4570,0.56280,"{""T"":1787963008403,""s"":""MAGMAUSDT"",""S"":""Sell"",""v"":""4570"",""p"":""0.56280""}"
2026-08-29T00:23:28.989761Z,1787963008422,MAGMAUSDT,Sell,154,0.56300,"{""T"":1787963008422,""s"":""MAGMAUSDT"",""S"":""Sell"",""v"":""154"",""p"":""0.56300""}"
2026-08-29T00:23:28.989761Z,1787963008543,MAGMAUSDT,Sell,30,0.56300,"{""T"":1787963008543,""s"":""MAGMAUSDT"",""S"":""Sell"",""v"":""30"",""p"":""0.56300""}"
2026-08-29T00:23:28.989761Z,1787963008796,MAGMAUSDT,Sell,3795,0.56270,"{""T"":1787963008796,""s"":""MAGMAUSDT"",""S"":""Sell"",""v"":""3795"",""p"":""0.56270""}"
2026-08-29T00:23:29.069064Z,1787963008796,BTCUSDT,Buy,0.100,77614.40,"{""T"":1787963008796,""s"":""BTCUSDT"",""S"":""Buy"",""v"":""0.100"",""p"":""77614.40""}"
2026-08-29T00:23:36.489299Z,1787963016181,MAGMAUSDT,Sell,37,0.56370,"{""T"":1787963016181,""s"":""MAGMAUSDT"",""S"":""Sell"",""v"":""37"",""p"":""0.56370""}"
2026-08-29T00:24:36.816003Z,1787963076405,TRUMPUSDT,Buy,12.1,2.736,"{""T"":1787963076405,""s"":""TRUMPUSDT"",""S"":""Buy"",""v"":""12.1"",""p"":""2.736""}"
2026-08-29T00:25:07.816213Z,1787963107326,PUMPFUNUSDT,Sell,44200,0.0047620,"{""T"":1787963107326,""s"":""PUMPFUNUSDT"",""S"":""Sell"",""v"":""44200"",""p"":""0.0047620""}"
2026-08-29T00:25:07.827375Z,1787963107326,MONUSDT,Sell,3676,0.027520,"{""T"":1787963107326,""s"":""MONUSDT"",""S"":""Sell"",""v"":""3676"",""p"":""0.027520""}"
2026-08-29T00:25:07.851286Z,1787963107326,BTRUSDT,Sell,379,0.16280,"{""T"":1787963107326,""s"":""BTRUSDT"",""S"":""Sell"",""v"":""379"",""p"":""0.16280""}"
2026-08-29T00:25:53.851499Z,1787963153713,BTRUSDT,Sell,139,0.16338,"{""T"":1787963153713,""s"":""BTRUSDT"",""S"":""Sell"",""v"":""139"",""p"":""0.16338""}"
2026-08-29T00:25:54.350605Z,1787963154040,BTRUSDT,Sell,691,0.16476,"{""T"":1787963154040,""s"":""BTRUSDT"",""S"":""Sell"",""v"":""691"",""p"":""0.16476""}"
2026-08-29T00:26:07.991280Z,1787963167799,MAGMAUSDT,Sell,4,0.56460,"{""T"":1787963167799,""s"":""MAGMAUSDT"",""S"":""Sell"",""v"":""4"",""p"":""0.56460""}"
2026-08-29T00:26:09.989544Z,1787963169697,MAGMAUSDT,Sell,130,0.56460,"{""T"":1787963169697,""s"":""MAGMAUSDT"",""S"":""Sell"",""v"":""130"",""p"":""0.56460""}"
2026-08-29T00:26:09.989544Z,1787963169740,MAGMAUSDT,Sell,135,0.56470,"{""T"":1787963169740,""s"":""MAGMAUSDT"",""S"":""Sell"",""v"":""135"",""p"":""0.56470""}"
2026-08-29T00:26:11.989252Z,1787963171853,MAGMAUSDT,Sell,2450,0.56490,"{""T"":1787963171853,""s"":""MAGMAUSDT"",""S"":""Sell"",""v"":""2450"",""p"":""0.56490""}"
2026-08-29T00:26:12.488908Z,1787963172336,MAGMAUSDT,Sell,1348,0.56580,"{""T"":1787963172336,""s"":""MAGMAUSDT"",""S"":""Sell"",""v"":""1348"",""p"":""0.56580""}"
2026-08-29T00:26:12.488908Z,1787963172367,MAGMAUSDT,Sell,4582,0.56510,"{""T"":1787963172367,""s"":""MAGMAUSDT"",""S"":""Sell"",""v"":""4582"",""p"":""0.56510""}"
2026-08-29T00:26:12.488908Z,1787963172378,MAGMAUSDT,Sell,1904,0.56650,"{""T"":1787963172378,""s"":""MAGMAUSDT"",""S"":""Sell"",""v"":""1904"",""p"":""0.56650""}"
2026-08-29T00:26:12.989149Z,1787963172512,MAGMAUSDT,Sell,176,0.56520,"{""T"":1787963172512,""s"":""MAGMAUSDT"",""S"":""Sell"",""v"":""176"",""p"":""0.56520""}"
2026-08-29T00:26:12.989149Z,1787963172627,MAGMAUSDT,Sell,593,0.56550,"{""T"":1787963172627,""s"":""MAGMAUSDT"",""S"":""Sell"",""v"":""593"",""p"":""0.56550""}"
2026-08-29T00:26:12.989149Z,1787963172786,MAGMAUSDT,Sell,637,0.56660,"{""T"":1787963172786,""s"":""MAGMAUSDT"",""S"":""Sell"",""v"":""637"",""p"":""0.56660""}"
2026-08-29T00:26:12.989149Z,1787963172860,MAGMAUSDT,Sell,46,0.56510,"{""T"":1787963172860,""s"":""MAGMAUSDT"",""S"":""Sell"",""v"":""46"",""p"":""0.56510""}"
2026-08-29T00:26:12.989149Z,1787963172885,MAGMAUSDT,Sell,10,0.56660,"{""T"":1787963172885,""s"":""MAGMAUSDT"",""S"":""Sell"",""v"":""10"",""p"":""0.56660""}"
2026-08-29T00:26:13.489147Z,1787963173373,MAGMAUSDT,Sell,507,0.56710,"{""T"":1787963173373,""s"":""MAGMAUSDT"",""S"":""Sell"",""v"":""507"",""p"":""0.56710""}"
2026-08-29T00:26:13.990025Z,1787963173732,MAGMAUSDT,Sell,14,0.56690,"{""T"":1787963173732,""s"":""MAGMAUSDT"",""S"":""Sell"",""v"":""14"",""p"":""0.56690""}"
2026-08-29T00:26:14.489080Z,1787963174129,MAGMAUSDT,Sell,141,0.57260,"{""T"":1787963174129,""s"":""MAGMAUSDT"",""S"":""Sell"",""v"":""141"",""p"":""0.57260""}"
2026-08-29T00:26:14.489080Z,1787963174157,MAGMAUSDT,Sell,1511,0.57280,"{""T"":1787963174157,""s"":""MAGMAUSDT"",""S"":""Sell"",""v"":""1511"",""p"":""0.57280""}"
2026-08-29T00:26:14.489080Z,1787963174267,MAGMAUSDT,Sell,2958,0.57380,"{""T"":1787963174267,""s"":""MAGMAUSDT"",""S"":""Sell"",""v"":""2958"",""p"":""0.57380""}"
2026-08-29T00:26:14.489080Z,1787963174342,MAGMAUSDT,Sell,25,0.57000,"{""T"":1787963174342,""s"":""MAGMAUSDT"",""S"":""Sell"",""v"":""25"",""p"":""0.57000""}"
2026-08-29T00:26:14.638092Z,1787963174070,AKEUSDT,Sell,63700,0.0112340,"{""T"":1787963174070,""s"":""AKEUSDT"",""S"":""Sell"",""v"":""63700"",""p"":""0.0112340""}"
2026-08-29T00:26:14.638092Z,1787963174152,AKEUSDT,Sell,600,0.0112330,"{""T"":1787963174152,""s"":""AKEUSDT"",""S"":""Sell"",""v"":""600"",""p"":""0.0112330""}"
2026-08-29T00:26:14.989474Z,1787963174454,MAGMAUSDT,Sell,8030,0.57150,"{""T"":1787963174454,""s"":""MAGMAUSDT"",""S"":""Sell"",""v"":""8030"",""p"":""0.57150""}"
2026-08-29T00:26:14.989474Z,1787963174614,MAGMAUSDT,Sell,302,0.57130,"{""T"":1787963174614,""s"":""MAGMAUSDT"",""S"":""Sell"",""v"":""302"",""p"":""0.57130""}"
2026-08-29T00:26:14.989474Z,1787963174622,MAGMAUSDT,Sell,68,0.57250,"{""T"":1787963174622,""s"":""MAGMAUSDT"",""S"":""Sell"",""v"":""68"",""p"":""0.57250""}"
2026-08-29T00:26:14.989474Z,1787963174692,MAGMAUSDT,Sell,12,0.56930,"{""T"":1787963174692,""s"":""MAGMAUSDT"",""S"":""Sell"",""v"":""12"",""p"":""0.56930""}"
2026-08-29T00:26:14.989474Z,1787963174733,MAGMAUSDT,Sell,92,0.57290,"{""T"":1787963174733,""s"":""MAGMAUSDT"",""S"":""Sell"",""v"":""92"",""p"":""0.57290""}"
2026-08-29T00:26:14.989474Z,1787963174747,MAGMAUSDT,Sell,42,0.57340,"{""T"":1787963174747,""s"":""MAGMAUSDT"",""S"":""Sell"",""v"":""42"",""p"":""0.57340""}"
2026-08-29T00:26:14.989474Z,1787963174747,MAGMAUSDT,Sell,50,0.57190,"{""T"":1787963174747,""s"":""MAGMAUSDT"",""S"":""Sell"",""v"":""50"",""p"":""0.57190""}"
2026-08-29T00:26:14.989474Z,1787963174797,MAGMAUSDT,Sell,916,0.57270,"{""T"":1787963174797,""s"":""MAGMAUSDT"",""S"":""Sell"",""v"":""916"",""p"":""0.57270""}"
2026-08-29T00:26:14.989474Z,1787963174828,MAGMAUSDT,Sell,17,0.57110,"{""T"":1787963174828,""s"":""MAGMAUSDT"",""S"":""Sell"",""v"":""17"",""p"":""0.57110""}"
2026-08-29T00:26:14.989474Z,1787963174863,MAGMAUSDT,Sell,772,0.56910,"{""T"":1787963174863,""s"":""MAGMAUSDT"",""S"":""Sell"",""v"":""772"",""p"":""0.56910""}"
2026-08-29T00:26:14.989474Z,1787963174868,MAGMAUSDT,Sell,55,0.57070,"{""T"":1787963174868,""s"":""MAGMAUSDT"",""S"":""Sell"",""v"":""55"",""p"":""0.57070""}"
2026-08-29T00:26:15.490416Z,1787963175015,MAGMAUSDT,Sell,520,0.57660,"{""T"":1787963175015,""s"":""MAGMAUSDT"",""S"":""Sell"",""v"":""520"",""p"":""0.57660""}"
2026-08-29T00:26:15.490416Z,1787963175050,MAGMAUSDT,Sell,197,0.57550,"{""T"":1787963175050,""s"":""MAGMAUSDT"",""S"":""Sell"",""v"":""197"",""p"":""0.57550""}"
2026-08-29T00:26:15.490416Z,1787963175097,MAGMAUSDT,Sell,22,0.57870,"{""T"":1787963175097,""s"":""MAGMAUSDT"",""S"":""Sell"",""v"":""22"",""p"":""0.57870""}"
2026-08-29T00:26:15.490416Z,1787963175123,MAGMAUSDT,Sell,799,0.57700,"{""T"":1787963175123,""s"":""MAGMAUSDT"",""S"":""Sell"",""v"":""799"",""p"":""0.57700""}"
2026-08-29T00:26:15.490416Z,1787963175138,MAGMAUSDT,Sell,2348,0.57700,"{""T"":1787963175138,""s"":""MAGMAUSDT"",""S"":""Sell"",""v"":""2348"",""p"":""0.57700""}"
2026-08-29T00:26:15.490416Z,1787963175228,MAGMAUSDT,Sell,75,0.57530,"{""T"":1787963175228,""s"":""MAGMAUSDT"",""S"":""Sell"",""v"":""75"",""p"":""0.57530""}"
2026-08-29T00:26:15.490416Z,1787963175318,MAGMAUSDT,Sell,68,0.57690,"{""T"":1787963175318,""s"":""MAGMAUSDT"",""S"":""Sell"",""v"":""68"",""p"":""0.57690""}"
2026-08-29T00:26:15.490416Z,1787963175318,MAGMAUSDT,Sell,511,0.57450,"{""T"":1787963175318,""s"":""MAGMAUSDT"",""S"":""Sell"",""v"":""511"",""p"":""0.57450""}"
2026-08-29T00:26:15.490416Z,1787963175374,MAGMAUSDT,Sell,8855,0.57780,"{""T"":1787963175374,""s"":""MAGMAUSDT"",""S"":""Sell"",""v"":""8855"",""p"":""0.57780""}"
2026-08-29T00:26:15.568513Z,1787963175123,BTCUSDT,Sell,0.022,78121.80,"{""T"":1787963175123,""s"":""BTCUSDT"",""S"":""Sell"",""v"":""0.022"",""p"":""78121.80""}"
2026-08-29T00:26:15.989633Z,1787963175406,MAGMAUSDT,Sell,27,0.57580,"{""T"":1787963175406,""s"":""MAGMAUSDT"",""S"":""Sell"",""v"":""27"",""p"":""0.57580""}"
2026-08-29T00:26:15.989633Z,1787963175485,MAGMAUSDT,Sell,207,0.57580,"{""T"":1787963175485,""s"":""MAGMAUSDT"",""S"":""Sell"",""v"":""207"",""p"":""0.57580""}"
2026-08-29T00:26:15.989633Z,1787963175621,MAGMAUSDT,Sell,10,0.57410,"{""T"":1787963175621,""s"":""MAGMAUSDT"",""S"":""Sell"",""v"":""10"",""p"":""0.57410""}"
2026-08-29T00:26:15.989633Z,1787963175716,MAGMAUSDT,Sell,594,0.57740,"{""T"":1787963175716,""s"":""MAGMAUSDT"",""S"":""Sell"",""v"":""594"",""p"":""0.57740""}"
2026-08-29T00:26:15.989633Z,1787963175754,MAGMAUSDT,Sell,5650,0.57790,"{""T"":1787963175754,""s"":""MAGMAUSDT"",""S"":""Sell"",""v"":""5650"",""p"":""0.57790""}"
2026-08-29T00:26:15.989633Z,1787963175764,MAGMAUSDT,Sell,34,0.57480,"{""T"":1787963175764,""s"":""MAGMAUSDT"",""S"":""Sell"",""v"":""34"",""p"":""0.57480""}"
2026-08-29T00:26:15.989633Z,1787963175825,MAGMAUSDT,Sell,2912,0.57710,"{""T"":1787963175825,""s"":""MAGMAUSDT"",""S"":""Sell"",""v"":""2912"",""p"":""0.57710""}"
2026-08-29T00:26:15.989633Z,1787963175889,MAGMAUSDT,Sell,313,0.57610,"{""T"":1787963175889,""s"":""MAGMAUSDT"",""S"":""Sell"",""v"":""313"",""p"":""0.57610""}"
2026-08-29T00:26:16.331220Z,1787963176051,NIULAIUSDT,Buy,1390,0.05407,"{""T"":1787963176051,""s"":""NIULAIUSDT"",""S"":""Buy"",""v"":""1390"",""p"":""0.05407""}"
2026-08-29T00:26:16.489257Z,1787963175908,MAGMAUSDT,Sell,18,0.57540,"{""T"":1787963175908,""s"":""MAGMAUSDT"",""S"":""Sell"",""v"":""18"",""p"":""0.57540""}"
2026-08-29T00:26:16.489257Z,1787963176145,MAGMAUSDT,Sell,852,0.57940,"{""T"":1787963176145,""s"":""MAGMAUSDT"",""S"":""Sell"",""v"":""852"",""p"":""0.57940""}"
2026-08-29T00:26:16.489257Z,1787963176171,MAGMAUSDT,Sell,118,0.57910,"{""T"":1787963176171,""s"":""MAGMAUSDT"",""S"":""Sell"",""v"":""118"",""p"":""0.57910""}"
2026-08-29T00:26:16.989127Z,1787963176605,MAGMAUSDT,Sell,180,0.57950,"{""T"":1787963176605,""s"":""MAGMAUSDT"",""S"":""Sell"",""v"":""180"",""p"":""0.57950""}"
2026-08-29T00:26:16.989127Z,1787963176785,MAGMAUSDT,Sell,100,0.57880,"{""T"":1787963176785,""s"":""MAGMAUSDT"",""S"":""Sell"",""v"":""100"",""p"":""0.57880""}"
2026-08-29T00:26:17.489791Z,1787963176930,MAGMAUSDT,Sell,556,0.57910,"{""T"":1787963176930,""s"":""MAGMAUSDT"",""S"":""Sell"",""v"":""556"",""p"":""0.57910""}"
2026-08-29T00:26:17.489791Z,1787963177088,MAGMAUSDT,Sell,138,0.58210,"{""T"":1787963177088,""s"":""MAGMAUSDT"",""S"":""Sell"",""v"":""138"",""p"":""0.58210""}"
2026-08-29T00:26:17.489791Z,1787963177399,MAGMAUSDT,Sell,8929,0.58020,"{""T"":1787963177399,""s"":""MAGMAUSDT"",""S"":""Sell"",""v"":""8929"",""p"":""0.58020""}"
2026-08-29T00:26:17.637970Z,1787963177526,AKEUSDT,Sell,37300,0.0112700,"{""T"":1787963177526,""s"":""AKEUSDT"",""S"":""Sell"",""v"":""37300"",""p"":""0.0112700""}"
2026-08-29T00:26:17.989199Z,1787963177526,MAGMAUSDT,Sell,674,0.58220,"{""T"":1787963177526,""s"":""MAGMAUSDT"",""S"":""Sell"",""v"":""674"",""p"":""0.58220""}"
2026-08-29T00:26:17.989199Z,1787963177582,MAGMAUSDT,Sell,178,0.58100,"{""T"":1787963177582,""s"":""MAGMAUSDT"",""S"":""Sell"",""v"":""178"",""p"":""0.58100""}"
2026-08-29T00:26:17.989199Z,1787963177835,MAGMAUSDT,Sell,13,0.58170,"{""T"":1787963177835,""s"":""MAGMAUSDT"",""S"":""Sell"",""v"":""13"",""p"":""0.58170""}"
2026-08-29T00:26:18.068722Z,1787963177526,BTCUSDT,Sell,0.245,78159.30,"{""T"":1787963177526,""s"":""BTCUSDT"",""S"":""Sell"",""v"":""0.245"",""p"":""78159.30""}"
2026-08-29T00:26:18.568531Z,1787963178159,BTCUSDT,Sell,0.003,78167.60,"{""T"":1787963178159,""s"":""BTCUSDT"",""S"":""Sell"",""v"":""0.003"",""p"":""78167.60""}"
2026-08-29T00:26:23.137978Z,1787963182700,AKEUSDT,Sell,8400,0.0112850,"{""T"":1787963182700,""s"":""AKEUSDT"",""S"":""Sell"",""v"":""8400"",""p"":""0.0112850""}"
2026-08-29T00:26:23.489259Z,1787963183280,XAUUSDT,Buy,0.010,4446.94,"{""T"":1787963183280,""s"":""XAUUSDT"",""S"":""Buy"",""v"":""0.010"",""p"":""4446.94""}"
2026-08-29T00:26:23.489834Z,1787963182981,MAGMAUSDT,Sell,4036,0.58340,"{""T"":1787963182981,""s"":""MAGMAUSDT"",""S"":""Sell"",""v"":""4036"",""p"":""0.58340""}"
2026-08-29T00:26:23.489834Z,1787963183163,MAGMAUSDT,Sell,68,0.58350,"{""T"":1787963183163,""s"":""MAGMAUSDT"",""S"":""Sell"",""v"":""68"",""p"":""0.58350""}"
2026-08-29T00:26:23.489834Z,1787963183215,MAGMAUSDT,Sell,36,0.58450,"{""T"":1787963183215,""s"":""MAGMAUSDT"",""S"":""Sell"",""v"":""36"",""p"":""0.58450""}"
2026-08-29T00:26:23.489834Z,1787963183280,MAGMAUSDT,Sell,100,0.58410,"{""T"":1787963183280,""s"":""MAGMAUSDT"",""S"":""Sell"",""v"":""100"",""p"":""0.58410""}"
2026-08-29T00:26:23.489834Z,1787963183355,MAGMAUSDT,Sell,209,0.58330,"{""T"":1787963183355,""s"":""MAGMAUSDT"",""S"":""Sell"",""v"":""209"",""p"":""0.58330""}"
2026-08-29T00:26:23.489834Z,1787963183364,MAGMAUSDT,Sell,419,0.58430,"{""T"":1787963183364,""s"":""MAGMAUSDT"",""S"":""Sell"",""v"":""419"",""p"":""0.58430""}"
2026-08-29T00:26:23.989163Z,1787963183418,MAGMAUSDT,Sell,4405,0.58290,"{""T"":1787963183418,""s"":""MAGMAUSDT"",""S"":""Sell"",""v"":""4405"",""p"":""0.58290""}"
2026-08-29T00:26:23.989163Z,1787963183429,MAGMAUSDT,Sell,31,0.58460,"{""T"":1787963183429,""s"":""MAGMAUSDT"",""S"":""Sell"",""v"":""31"",""p"":""0.58460""}"
2026-08-29T00:26:23.989163Z,1787963183568,MAGMAUSDT,Sell,91,0.58440,"{""T"":1787963183568,""s"":""MAGMAUSDT"",""S"":""Sell"",""v"":""91"",""p"":""0.58440""}"
2026-08-29T00:26:23.989163Z,1787963183648,MAGMAUSDT,Sell,6090,0.58400,"{""T"":1787963183648,""s"":""MAGMAUSDT"",""S"":""Sell"",""v"":""6090"",""p"":""0.58400""}"
2026-08-29T00:26:23.989163Z,1787963183678,MAGMAUSDT,Sell,75,0.58320,"{""T"":1787963183678,""s"":""MAGMAUSDT"",""S"":""Sell"",""v"":""75"",""p"":""0.58320""}"
2026-08-29T00:26:23.989163Z,1787963183834,MAGMAUSDT,Sell,3783,0.58450,"{""T"":1787963183834,""s"":""MAGMAUSDT"",""S"":""Sell"",""v"":""3783"",""p"":""0.58450""}"
2026-08-29T00:26:23.989163Z,1787963183856,MAGMAUSDT,Sell,922,0.58450,"{""T"":1787963183856,""s"":""MAGMAUSDT"",""S"":""Sell"",""v"":""922"",""p"":""0.58450""}"
2026-08-29T00:26:31.489947Z,1787963190967,MAGMAUSDT,Sell,32,0.58600,"{""T"":1787963190967,""s"":""MAGMAUSDT"",""S"":""Sell"",""v"":""32"",""p"":""0.58600""}"
2026-08-29T00:26:36.458190Z,1787963196287,ETHUSDT,Buy,0.14,2439.50,"{""T"":1787963196287,""s"":""ETHUSDT"",""S"":""Buy"",""v"":""0.14"",""p"":""2439.50""}"
2026-08-29T00:26:36.489146Z,1787963196101,MAGMAUSDT,Sell,1644,0.58880,"{""T"":1787963196101,""s"":""MAGMAUSDT"",""S"":""Sell"",""v"":""1644"",""p"":""0.58880""}"
2026-08-29T00:26:36.489146Z,1787963196219,MAGMAUSDT,Sell,51,0.58800,"{""T"":1787963196219,""s"":""MAGMAUSDT"",""S"":""Sell"",""v"":""51"",""p"":""0.58800""}"
2026-08-29T00:26:36.489146Z,1787963196287,MAGMAUSDT,Sell,258,0.58800,"{""T"":1787963196287,""s"":""MAGMAUSDT"",""S"":""Sell"",""v"":""258"",""p"":""0.58800""}"
2026-08-29T00:26:36.989283Z,1787963196721,MAGMAUSDT,Sell,11,0.58750,"{""T"":1787963196721,""s"":""MAGMAUSDT"",""S"":""Sell"",""v"":""11"",""p"":""0.58750""}"
2026-08-29T00:26:36.989283Z,1787963196850,MAGMAUSDT,Sell,281,0.58770,"{""T"":1787963196850,""s"":""MAGMAUSDT"",""S"":""Sell"",""v"":""281"",""p"":""0.58770""}"
2026-08-29T00:26:36.989283Z,1787963196864,MAGMAUSDT,Sell,8761,0.58690,"{""T"":1787963196864,""s"":""MAGMAUSDT"",""S"":""Sell"",""v"":""8761"",""p"":""0.58690""}"
2026-08-29T00:26:37.489329Z,1787963197000,MAGMAUSDT,Sell,3027,0.58890,"{""T"":1787963197000,""s"":""MAGMAUSDT"",""S"":""Sell"",""v"":""3027"",""p"":""0.58890""}"
2026-08-29T00:26:37.489329Z,1787963197095,MAGMAUSDT,Sell,689,0.58930,"{""T"":1787963197095,""s"":""MAGMAUSDT"",""S"":""Sell"",""v"":""689"",""p"":""0.58930""}"
2026-08-29T00:26:37.489329Z,1787963197327,MAGMAUSDT,Sell,71,0.59000,"{""T"":1787963197327,""s"":""MAGMAUSDT"",""S"":""Sell"",""v"":""71"",""p"":""0.59000""}"
2026-08-29T00:26:37.638116Z,1787963197095,AKEUSDT,Buy,13600,0.0108630,"{""T"":1787963197095,""s"":""AKEUSDT"",""S"":""Buy"",""v"":""13600"",""p"":""0.0108630""}"
2026-08-29T00:26:37.638116Z,1787963197545,AKEUSDT,Sell,97400,0.0112820,"{""T"":1787963197545,""s"":""AKEUSDT"",""S"":""Sell"",""v"":""97400"",""p"":""0.0112820""}"
2026-08-29T00:26:37.850730Z,1787963197545,BTRUSDT,Sell,3926,0.16459,"{""T"":1787963197545,""s"":""BTRUSDT"",""S"":""Sell"",""v"":""3926"",""p"":""0.16459""}"
2026-08-29T00:26:37.989849Z,1787963197545,MAGMAUSDT,Sell,9431,0.58950,"{""T"":1787963197545,""s"":""MAGMAUSDT"",""S"":""Sell"",""v"":""9431"",""p"":""0.58950""}"
2026-08-29T00:26:37.989849Z,1787963197892,MAGMAUSDT,Sell,111,0.58960,"{""T"":1787963197892,""s"":""MAGMAUSDT"",""S"":""Sell"",""v"":""111"",""p"":""0.58960""}"
2026-08-29T00:26:55.489558Z,1787963215026,MAGMAUSDT,Sell,132,0.59080,"{""T"":1787963215026,""s"":""MAGMAUSDT"",""S"":""Sell"",""v"":""132"",""p"":""0.59080""}"
2026-08-29T00:26:55.831747Z,1787963215600,DEXEUSDT,Sell,135.0,2.4910,"{""T"":1787963215600,""s"":""DEXEUSDT"",""S"":""Sell"",""v"":""135.0"",""p"":""2.4910""}"
2026-08-29T00:26:55.989659Z,1787963215600,MAGMAUSDT,Sell,1600,0.59090,"{""T"":1787963215600,""s"":""MAGMAUSDT"",""S"":""Sell"",""v"":""1600"",""p"":""0.59090""}"
2026-08-29T00:26:56.138234Z,1787963215600,HEMIUSDT,Buy,1500,0.011289,"{""T"":1787963215600,""s"":""HEMIUSDT"",""S"":""Buy"",""v"":""1500"",""p"":""0.011289""}"
2026-08-29T00:27:13.072028Z,1787963232492,BTCUSDT,Sell,0.141,78174.00,"{""T"":1787963232492,""s"":""BTCUSDT"",""S"":""Sell"",""v"":""0.141"",""p"":""78174.00""}"
2026-08-29T00:27:13.138276Z,1787963232706,AKEUSDT,Buy,16000,0.0106010,"{""T"":1787963232706,""s"":""AKEUSDT"",""S"":""Buy"",""v"":""16000"",""p"":""0.0106010""}"
2026-08-29T00:27:18.138015Z,1787963238012,AKEUSDT,Buy,1000,0.0105460,"{""T"":1787963238012,""s"":""AKEUSDT"",""S"":""Buy"",""v"":""1000"",""p"":""0.0105460""}"
2026-08-29T00:27:22.638298Z,1787963242530,AKEUSDT,Buy,15400,0.0104710,"{""T"":1787963242530,""s"":""AKEUSDT"",""S"":""Buy"",""v"":""15400"",""p"":""0.0104710""}"
2026-08-29T00:27:24.138942Z,1787963243820,AKEUSDT,Buy,3000,0.0104200,"{""T"":1787963243820,""s"":""AKEUSDT"",""S"":""Buy"",""v"":""3000"",""p"":""0.0104200""}"
2026-08-29T00:27:24.638259Z,1787963244090,AKEUSDT,Buy,900,0.0103920,"{""T"":1787963244090,""s"":""AKEUSDT"",""S"":""Buy"",""v"":""900"",""p"":""0.0103920""}"
2026-08-29T00:27:24.638259Z,1787963244336,AKEUSDT,Buy,700,0.0103800,"{""T"":1787963244336,""s"":""AKEUSDT"",""S"":""Buy"",""v"":""700"",""p"":""0.0103800""}"
2026-08-29T00:27:24.638259Z,1787963244441,AKEUSDT,Buy,104100,0.0104180,"{""T"":1787963244441,""s"":""AKEUSDT"",""S"":""Buy"",""v"":""104100"",""p"":""0.0104180""}"
2026-08-29T00:28:25.638494Z,1787963305387,HEMIUSDT,Sell,1636,0.011829,"{""T"":1787963305387,""s"":""HEMIUSDT"",""S"":""Sell"",""v"":""1636"",""p"":""0.011829""}"
2026-08-29T00:28:30.489767Z,1787963310046,MAGMAUSDT,Buy,328,0.54560,"{""T"":1787963310046,""s"":""MAGMAUSDT"",""S"":""Buy"",""v"":""328"",""p"":""0.54560""}"
2026-08-29T00:28:53.350929Z,1787963333035,EDENUSDT,Buy,1,0.06511,"{""T"":1787963333035,""s"":""EDENUSDT"",""S"":""Buy"",""v"":""1"",""p"":""0.06511""}"
2026-08-29T00:29:02.638041Z,1787963342493,HEMIUSDT,Sell,62888,0.011999,"{""T"":1787963342493,""s"":""HEMIUSDT"",""S"":""Sell"",""v"":""62888"",""p"":""0.011999""}"
2026-08-29T00:29:03.637999Z,1787963343340,HEMIUSDT,Sell,203922,0.012013,"{""T"":1787963343340,""s"":""HEMIUSDT"",""S"":""Sell"",""v"":""203922"",""p"":""0.012013""}"
2026-08-29T00:29:03.851301Z,1787963343340,BTRUSDT,Sell,19966,0.16428,"{""T"":1787963343340,""s"":""BTRUSDT"",""S"":""Sell"",""v"":""19966"",""p"":""0.16428""}"
2026-08-29T00:29:04.638276Z,1787963344214,HEMIUSDT,Sell,94003,0.012027,"{""T"":1787963344214,""s"":""HEMIUSDT"",""S"":""Sell"",""v"":""94003"",""p"":""0.012027""}"
2026-08-29T00:29:05.138033Z,1787963344888,HEMIUSDT,Sell,848,0.012027,"{""T"":1787963344888,""s"":""HEMIUSDT"",""S"":""Sell"",""v"":""848"",""p"":""0.012027""}"
2026-08-29T00:29:10.499355Z,1787963350408,STXUSDT,Buy,0.2,0.25610,"{""T"":1787963350408,""s"":""STXUSDT"",""S"":""Buy"",""v"":""0.2"",""p"":""0.25610""}"
2026-08-29T00:29:11.499857Z,1787963351155,STXUSDT,Buy,0.3,0.25610,"{""T"":1787963351155,""s"":""STXUSDT"",""S"":""Buy"",""v"":""0.3"",""p"":""0.25610""}"
2026-08-29T00:30:28.500033Z,1787963428150,STXUSDT,Buy,0.3,0.25560,"{""T"":1787963428150,""s"":""STXUSDT"",""S"":""Buy"",""v"":""0.3"",""p"":""0.25560""}"
2026-08-29T00:31:09.638752Z,1787963469252,HEMIUSDT,Sell,2033,0.012104,"{""T"":1787963469252,""s"":""HEMIUSDT"",""S"":""Sell"",""v"":""2033"",""p"":""0.012104""}"
2026-08-29T00:31:14.137824Z,1787963473870,AKEUSDT,Sell,21500,0.0111410,"{""T"":1787963473870,""s"":""AKEUSDT"",""S"":""Sell"",""v"":""21500"",""p"":""0.0111410""}"
2026-08-29T00:31:24.316296Z,1787963483949,XPLUSDT,Buy,2,0.08362,"{""T"":1787963483949,""s"":""XPLUSDT"",""S"":""Buy"",""v"":""2"",""p"":""0.08362""}"
2026-08-29T00:31:44.351214Z,1787963504183,BTRUSDT,Sell,1305,0.16509,"{""T"":1787963504183,""s"":""BTRUSDT"",""S"":""Sell"",""v"":""1305"",""p"":""0.16509""}"
2026-08-29T00:33:05.316168Z,1787963584884,XPLUSDT,Buy,1,0.08357,"{""T"":1787963584884,""s"":""XPLUSDT"",""S"":""Buy"",""v"":""1"",""p"":""0.08357""}"
2026-08-29T00:33:05.316168Z,1787963585172,XPLUSDT,Buy,1,0.08357,"{""T"":1787963585172,""s"":""XPLUSDT"",""S"":""Buy"",""v"":""1"",""p"":""0.08357""}"
2026-08-29T00:33:05.815665Z,1787963585720,XPLUSDT,Buy,1,0.08357,"{""T"":1787963585720,""s"":""XPLUSDT"",""S"":""Buy"",""v"":""1"",""p"":""0.08357""}"
2026-08-29T00:33:28.318279Z,1787963608164,XPLUSDT,Buy,1,0.08345,"{""T"":1787963608164,""s"":""XPLUSDT"",""S"":""Buy"",""v"":""1"",""p"":""0.08345""}"
2026-08-29T00:34:22.318738Z,1787963662141,XPLUSDT,Buy,1,0.08333,"{""T"":1787963662141,""s"":""XPLUSDT"",""S"":""Buy"",""v"":""1"",""p"":""0.08333""}"
2026-08-29T00:34:45.316249Z,1787963685037,HYPEUSDT,Buy,0.63,79.840,"{""T"":1787963685037,""s"":""HYPEUSDT"",""S"":""Buy"",""v"":""0.63"",""p"":""79.840""}"
2026-08-29T00:35:49.138106Z,1787963749003,JTOUSDT,Buy,1.7,0.4773,"{""T"":1787963749003,""s"":""JTOUSDT"",""S"":""Buy"",""v"":""1.7"",""p"":""0.4773""}"
2026-08-29T00:36:04.489637Z,1787963764264,MAGMAUSDT,Sell,259,0.57810,"{""T"":1787963764264,""s"":""MAGMAUSDT"",""S"":""Sell"",""v"":""259"",""p"":""0.57810""}"
2026-08-29T00:36:04.500162Z,1787963764243,INJUSDT,Sell,883.0,5.2370,"{""T"":1787963764243,""s"":""INJUSDT"",""S"":""Sell"",""v"":""883.0"",""p"":""5.2370""}"
2026-08-29T00:36:04.500491Z,1787963764264,TUTUSDT,Buy,508,0.035659,"{""T"":1787963764264,""s"":""TUTUSDT"",""S"":""Buy"",""v"":""508"",""p"":""0.035659""}"
2026-08-29T00:36:04.640315Z,1787963764264,AKEUSDT,Sell,52200,0.0112670,"{""T"":1787963764264,""s"":""AKEUSDT"",""S"":""Sell"",""v"":""52200"",""p"":""0.0112670""}"
2026-08-29T00:36:04.640781Z,1787963764264,HEMIUSDT,Sell,4106,0.011944,"{""T"":1787963764264,""s"":""HEMIUSDT"",""S"":""Sell"",""v"":""4106"",""p"":""0.011944""}"
2026-08-29T00:36:04.815593Z,1787963764264,CHIPUSDT,Buy,2420,0.04104,"{""T"":1787963764264,""s"":""CHIPUSDT"",""S"":""Buy"",""v"":""2420"",""p"":""0.04104""}"
2026-08-29T00:36:04.851480Z,1787963764264,BEATUSDT,Buy,530,0.12848,"{""T"":1787963764264,""s"":""BEATUSDT"",""S"":""Buy"",""v"":""530"",""p"":""0.12848""}"
2026-08-29T00:36:04.851832Z,1787963764264,BTRUSDT,Sell,3913,0.16624,"{""T"":1787963764264,""s"":""BTRUSDT"",""S"":""Sell"",""v"":""3913"",""p"":""0.16624""}"
2026-08-29T00:38:16.330951Z,1787963895752,CHILLGUYUSDT,Buy,5,0.013475,"{""T"":1787963895752,""s"":""CHILLGUYUSDT"",""S"":""Buy"",""v"":""5"",""p"":""0.013475""}"
2026-08-29T00:39:01.828025Z,1787963941357,CHILLGUYUSDT,Buy,12,0.013361,"{""T"":1787963941357,""s"":""CHILLGUYUSDT"",""S"":""Buy"",""v"":""12"",""p"":""0.013361""}"
2026-08-29T00:39:17.818707Z,1787963957358,TRUMPUSDT,Buy,1.9,2.727,"{""T"":1787963957358,""s"":""TRUMPUSDT"",""S"":""Buy"",""v"":""1.9"",""p"":""2.727""}"
2026-08-29T00:39:37.638486Z,1787963977101,HEMIUSDT,Buy,38626,0.011396,"{""T"":1787963977101,""s"":""HEMIUSDT"",""S"":""Buy"",""v"":""38626"",""p"":""0.011396""}"
2026-08-29T00:42:03.642491Z,1787964123206,AKEUSDT,Sell,1400,0.0113760,"{""T"":1787964123206,""s"":""AKEUSDT"",""S"":""Sell"",""v"":""1400"",""p"":""0.0113760""}"
2026-08-29T00:42:05.138179Z,1787964124590,AKEUSDT,Sell,600,0.0114010,"{""T"":1787964124590,""s"":""AKEUSDT"",""S"":""Sell"",""v"":""600"",""p"":""0.0114010""}"
2026-08-29T00:42:05.138179Z,1787964124598,AKEUSDT,Sell,600,0.0113990,"{""T"":1787964124598,""s"":""AKEUSDT"",""S"":""Sell"",""v"":""600"",""p"":""0.0113990""}"
2026-08-29T00:43:15.410425Z,1787964195161,VETUSDT,Sell,1758,0.006951,"{""T"":1787964195161,""s"":""VETUSDT"",""S"":""Sell"",""v"":""1758"",""p"":""0.006951""}"
2026-08-29T00:43:19.410351Z,1787964198995,BCHUSDT,Buy,7.11,244.10,"{""T"":1787964198995,""s"":""BCHUSDT"",""S"":""Buy"",""v"":""7.11"",""p"":""244.10""}"
2026-08-29T00:43:41.638775Z,1787964221372,MOVRUSDT,Buy,0.1,0.7650,"{""T"":1787964221372,""s"":""MOVRUSDT"",""S"":""Buy"",""v"":""0.1"",""p"":""0.7650""}"
2026-08-29T00:43:42.138119Z,1787964221945,MOVRUSDT,Buy,0.1,0.7650,"{""T"":1787964221945,""s"":""MOVRUSDT"",""S"":""Buy"",""v"":""0.1"",""p"":""0.7650""}"
2026-08-29T00:44:19.816222Z,1787964259235,WLFIUSDT,Buy,2336,0.05714,"{""T"":1787964259235,""s"":""WLFIUSDT"",""S"":""Buy"",""v"":""2336"",""p"":""0.05714""}"
2026-08-29T00:44:19.816222Z,1787964259489,WLFIUSDT,Buy,4,0.05714,"{""T"":1787964259489,""s"":""WLFIUSDT"",""S"":""Buy"",""v"":""4"",""p"":""0.05714""}"
2026-08-29T00:44:30.828120Z,1787964270507,CHILLGUYUSDT,Buy,757,0.013327,"{""T"":1787964270507,""s"":""CHILLGUYUSDT"",""S"":""Buy"",""v"":""757"",""p"":""0.013327""}"
2026-08-29T00:44:38.138336Z,1787964277857,MOVRUSDT,Buy,0.3,0.7600,"{""T"":1787964277857,""s"":""MOVRUSDT"",""S"":""Buy"",""v"":""0.3"",""p"":""0.7600""}"
2026-08-29T00:44:56.330777Z,1787964296000,CHILLGUYUSDT,Buy,10,0.013287,"{""T"":1787964296000,""s"":""CHILLGUYUSDT"",""S"":""Buy"",""v"":""10"",""p"":""0.013287""}"
2026-08-29T00:48:27.815859Z,1787964507646,CHIPUSDT,Sell,52210,0.04383,"{""T"":1787964507646,""s"":""CHIPUSDT"",""S"":""Sell"",""v"":""52210"",""p"":""0.04383""}"
2026-08-29T00:48:28.410306Z,1787964508266,HBARUSDT,Buy,1,0.07512,"{""T"":1787964508266,""s"":""HBARUSDT"",""S"":""Buy"",""v"":""1"",""p"":""0.07512""}"
2026-08-29T00:48:46.638792Z,1787964526251,AKEUSDT,Buy,1600,0.0106900,"{""T"":1787964526251,""s"":""AKEUSDT"",""S"":""Buy"",""v"":""1600"",""p"":""0.0106900""}"
2026-08-29T00:48:48.137971Z,1787964527979,AKEUSDT,Buy,1300,0.0106830,"{""T"":1787964527979,""s"":""AKEUSDT"",""S"":""Buy"",""v"":""1300"",""p"":""0.0106830""}"
